{"position": [690.034956870257, -120.53535965098439, -214.81944499740757], "orientation": [-0.5673088831935604, 0.6636949602863027, -0.36137310652844146, 0.32722599140892383]}